{
    "predict_bleu-4": 23.768434343434325,
    "predict_rouge-1": 34.981244893378204,
    "predict_rouge-2": 18.37990606060608,
    "predict_rouge-l": 32.21711402918071,
    "predict_model_preparation_time": 63.69684386253357,
    "predict_runtime": 189.18118476867676,
    "predict_samples_per_second": 4.7097706946358295,
    "predict_steps_per_second": 1.1787641581411785
}