model,mean_sample_iou,iou@0.3,iou@0.5,iou@0.7
Qwen3-VL-8B,0.2119,0.27788,0.141097,0.081947
Qwen3-VL-32B,0.421945,0.589033,0.351201,0.243376
Qwen3-VL-235B-A22B,0.306612,0.411583,0.266174,0.162662
Qwen3.5-27B,0.371902,0.49846,0.316081,0.20764
Qwen35-122B-A10B,0.310284,0.41528,0.254467,0.16451
Qwen3.5-397B-A17B,0.399407,0.540357,0.348737,0.214418
InternVL3-38B,0.054259,0.036352,0.006161,0.001232
Erine-5,0.146275,0.201479,0.101047,0.041898
qwen3-vl-8b-sft-0313,0.393112,0.590265,0.298829,0.177449
