{
    "predict_bleu-4": 12.842595833333336,
    "predict_rouge-1": 20.99191377314814,
    "predict_rouge-2": 7.450867939814817,
    "predict_rouge-l": 18.431875231481488,
    "predict_model_preparation_time": 67.33385801315308,
    "predict_runtime": 448.3494839668274,
    "predict_samples_per_second": 1.927068126309979,
    "predict_steps_per_second": 1.927068126309979
}